http://127.0.0.1/ontology/api.lufthansa.com-ReferencesCountriesByCountryCodeGet-get.owl#referencescountriesbycountrycodeget_countryresource_countries_country_countrycode;Country;identifier;Text
http://127.0.0.1/ontology/api.lufthansa.com-ReferencesCountriesByCountryCodeGet-get.owl#referencescountriesbycountrycodeget_countryresource_countries_country_zonecode;;;
http://127.0.0.1/ontology/api.lufthansa.com-ReferencesCountriesByCountryCodeGet-get.owl#referencescountriesbycountrycodeget_countryresource_countries_country_names_name_name_@languagecode;Language;identifier;Text
http://127.0.0.1/ontology/api.lufthansa.com-ReferencesCountriesByCountryCodeGet-get.owl#referencescountriesbycountrycodeget_countryresource_countries_country_names_name_name_$;Country;name;Text
http://127.0.0.1/ontology/api.lufthansa.com-ReferencesCountriesByCountryCodeGet-get.owl#referencescountriesbycountrycodeget_countryresource_meta_@version;WebPage;version;Text
http://127.0.0.1/ontology/api.lufthansa.com-ReferencesCountriesByCountryCodeGet-get.owl#referencescountriesbycountrycodeget_countryresource_meta_link_@href;WebPage;url;URL
http://127.0.0.1/ontology/api.lufthansa.com-ReferencesCountriesByCountryCodeGet-get.owl#referencescountriesbycountrycodeget_countryresource_meta_link_@rel;;;
http://127.0.0.1/services/api.lufthansa.com-ReferencesCountriesByCountryCodeGet-get.owls#countryCode;Country;identifier;Text
http://127.0.0.1/services/api.lufthansa.com-ReferencesCountriesByCountryCodeGet-get.owls#Accept;WebPage;fileFormat;Text
http://127.0.0.1/services/api.lufthansa.com-ReferencesCountriesByCountryCodeGet-get.owls#Response;Country;;
http://127.0.0.1/services/api.lufthansa.com-OperationsSchedulesFromDateTimeByOriginAndDestinationGet-get.owls#origin;Airport;iataCode;Text
http://127.0.0.1/services/api.lufthansa.com-OperationsSchedulesFromDateTimeByOriginAndDestinationGet-get.owls#destination;Airport;iataCode;Text
http://127.0.0.1/services/api.lufthansa.com-OperationsSchedulesFromDateTimeByOriginAndDestinationGet-get.owls#fromDateTime;;;
http://127.0.0.1/services/api.lufthansa.com-OperationsSchedulesFromDateTimeByOriginAndDestinationGet-get.owls#Accept;WebPage;fileFormat;Text
http://127.0.0.1/services/api.lufthansa.com-OperationsSchedulesFromDateTimeByOriginAndDestinationGet-get.owls#Response;Flight;;
http://127.0.0.1/ontology/api.lufthansa.com-OperationsSchedulesFromDateTimeByOriginAndDestinationGet-get.owl#operationsschedulesfromdatetimebyoriginanddestinationget_scheduleresource_schedule_schedule_totaljourney_duration;Flight;estimatedFlightDuration;Duration
http://127.0.0.1/ontology/api.lufthansa.com-OperationsSchedulesFromDateTimeByOriginAndDestinationGet-get.owl#operationsschedulesfromdatetimebyoriginanddestinationget_scheduleresource_schedule_schedule_flight_departure_airportcode;Flight;departureAirport;Airport
http://127.0.0.1/ontology/api.lufthansa.com-OperationsSchedulesFromDateTimeByOriginAndDestinationGet-get.owl#operationsschedulesfromdatetimebyoriginanddestinationget_scheduleresource_schedule_schedule_flight_departure_scheduledtimelocal_datetime;Flight;departureTime;DateTime
http://127.0.0.1/ontology/api.lufthansa.com-OperationsSchedulesFromDateTimeByOriginAndDestinationGet-get.owl#operationsschedulesfromdatetimebyoriginanddestinationget_scheduleresource_schedule_schedule_flight_arrival_airportcode;Airport;iataCode;Text
http://127.0.0.1/ontology/api.lufthansa.com-OperationsSchedulesFromDateTimeByOriginAndDestinationGet-get.owl#operationsschedulesfromdatetimebyoriginanddestinationget_scheduleresource_schedule_schedule_flight_arrival_scheduledtimelocal_datetime;Flight;arrivalTime;DateTime
http://127.0.0.1/ontology/api.lufthansa.com-OperationsSchedulesFromDateTimeByOriginAndDestinationGet-get.owl#operationsschedulesfromdatetimebyoriginanddestinationget_scheduleresource_schedule_schedule_flight_arrival_terminal_name;Flight;arrivalTerminal;Text
http://127.0.0.1/ontology/api.lufthansa.com-OperationsSchedulesFromDateTimeByOriginAndDestinationGet-get.owl#operationsschedulesfromdatetimebyoriginanddestinationget_scheduleresource_schedule_schedule_flight_marketingcarrier_airlineid;Flight;seller;Airline
http://127.0.0.1/ontology/api.lufthansa.com-OperationsSchedulesFromDateTimeByOriginAndDestinationGet-get.owl#operationsschedulesfromdatetimebyoriginanddestinationget_scheduleresource_schedule_schedule_flight_marketingcarrier_flightnumber;Flight;flightNumber;Text
http://127.0.0.1/ontology/api.lufthansa.com-OperationsSchedulesFromDateTimeByOriginAndDestinationGet-get.owl#operationsschedulesfromdatetimebyoriginanddestinationget_scheduleresource_schedule_schedule_flight_operatingcarrier_airlineid;Flight;provider;Airline
http://127.0.0.1/ontology/api.lufthansa.com-OperationsSchedulesFromDateTimeByOriginAndDestinationGet-get.owl#operationsschedulesfromdatetimebyoriginanddestinationget_scheduleresource_schedule_schedule_flight_equipment_aircraftcode;Flight;aircraft;Vehicle
http://127.0.0.1/ontology/api.lufthansa.com-OperationsSchedulesFromDateTimeByOriginAndDestinationGet-get.owl#operationsschedulesfromdatetimebyoriginanddestinationget_scheduleresource_schedule_schedule_flight_details_stops_stopquantity;;;
http://127.0.0.1/ontology/api.lufthansa.com-OperationsSchedulesFromDateTimeByOriginAndDestinationGet-get.owl#operationsschedulesfromdatetimebyoriginanddestinationget_scheduleresource_schedule_schedule_flight_details_daysofoperation;;;
http://127.0.0.1/ontology/api.lufthansa.com-OperationsSchedulesFromDateTimeByOriginAndDestinationGet-get.owl#operationsschedulesfromdatetimebyoriginanddestinationget_scheduleresource_schedule_schedule_flight_details_dateperiod_effective;;;
http://127.0.0.1/ontology/api.lufthansa.com-OperationsSchedulesFromDateTimeByOriginAndDestinationGet-get.owl#operationsschedulesfromdatetimebyoriginanddestinationget_scheduleresource_schedule_schedule_flight_details_dateperiod_expiration;;;
http://127.0.0.1/ontology/api.lufthansa.com-OperationsSchedulesFromDateTimeByOriginAndDestinationGet-get.owl#operationsschedulesfromdatetimebyoriginanddestinationget_scheduleresource_meta_@version;WebPage;version;Text
http://127.0.0.1/ontology/api.lufthansa.com-OperationsSchedulesFromDateTimeByOriginAndDestinationGet-get.owl#operationsschedulesfromdatetimebyoriginanddestinationget_scheduleresource_meta_link_link_@href;WebPage;url;URL
http://127.0.0.1/ontology/api.lufthansa.com-OperationsSchedulesFromDateTimeByOriginAndDestinationGet-get.owl#operationsschedulesfromdatetimebyoriginanddestinationget_scheduleresource_meta_link_link_@rel;;;
http://127.0.0.1/services/api.lufthansa.com-ReferencesAirlinesByAirlineCodeGet-get.owls#airlineCode;Airline;iataCode;Text
http://127.0.0.1/services/api.lufthansa.com-ReferencesAirlinesByAirlineCodeGet-get.owls#Accept;WebPage;fileFormat;Text
http://127.0.0.1/services/api.lufthansa.com-ReferencesAirlinesByAirlineCodeGet-get.owls#Response;Airline;;
http://127.0.0.1/ontology/api.lufthansa.com-ReferencesAirlinesByAirlineCodeGet-get.owl#referencesairlinesbyairlinecodeget_airlineresource_airlines_airline_otherids_otherid_@description;;;
http://127.0.0.1/ontology/api.lufthansa.com-ReferencesAirlinesByAirlineCodeGet-get.owl#referencesairlinesbyairlinecodeget_airlineresource_airlines_airline_otherids_otherid_$;;;
http://127.0.0.1/ontology/api.lufthansa.com-ReferencesAirlinesByAirlineCodeGet-get.owl#referencesairlinesbyairlinecodeget_airlineresource_airlines_airline_airlineid;Airline;identifier;Text
http://127.0.0.1/ontology/api.lufthansa.com-ReferencesAirlinesByAirlineCodeGet-get.owl#referencesairlinesbyairlinecodeget_airlineresource_airlines_airline_airlineid_icao;;;
http://127.0.0.1/ontology/api.lufthansa.com-ReferencesAirlinesByAirlineCodeGet-get.owl#referencesairlinesbyairlinecodeget_airlineresource_airlines_airline_names_name_@languagecode;Language;identifier;Text
http://127.0.0.1/ontology/api.lufthansa.com-ReferencesAirlinesByAirlineCodeGet-get.owl#referencesairlinesbyairlinecodeget_airlineresource_airlines_airline_names_name_$;Airline;name;Text
http://127.0.0.1/ontology/api.lufthansa.com-ReferencesAirlinesByAirlineCodeGet-get.owl#referencesairlinesbyairlinecodeget_airlineresource_meta_@version;WebPage;version;Text
http://127.0.0.1/ontology/api.lufthansa.com-ReferencesAirlinesByAirlineCodeGet-get.owl#referencesairlinesbyairlinecodeget_airlineresource_meta_link_@href;WebPage;url;URL
http://127.0.0.1/ontology/api.lufthansa.com-ReferencesAirlinesByAirlineCodeGet-get.owl#referencesairlinesbyairlinecodeget_airlineresource_meta_link_@rel;;;
http://127.0.0.1/services/api.lufthansa.com-ReferencesAircraftByAircraftCodeGet-get.owls#aircraftCode;Vehicle;identifier;Text
http://127.0.0.1/services/api.lufthansa.com-ReferencesAircraftByAircraftCodeGet-get.owls#Accept;WebPage;fileFormat;Text
http://127.0.0.1/services/api.lufthansa.com-ReferencesAircraftByAircraftCodeGet-get.owls#Response;Vehicle;;
http://127.0.0.1/ontology/api.lufthansa.com-ReferencesAircraftByAircraftCodeGet-get.owl#referencesaircraftbyaircraftcodeget_aircraftresource_aircraftsummaries_aircraftsummary_aircraftcode;Vehicle;identifier;Text
http://127.0.0.1/ontology/api.lufthansa.com-ReferencesAircraftByAircraftCodeGet-get.owl#referencesaircraftbyaircraftcodeget_aircraftresource_aircraftsummaries_aircraftsummary_names_name_@languagecode;Language;identifier;Text
http://127.0.0.1/ontology/api.lufthansa.com-ReferencesAircraftByAircraftCodeGet-get.owl#referencesaircraftbyaircraftcodeget_aircraftresource_aircraftsummaries_aircraftsummary_names_name_$;Vehicle;name;Text
http://127.0.0.1/ontology/api.lufthansa.com-ReferencesAircraftByAircraftCodeGet-get.owl#referencesaircraftbyaircraftcodeget_aircraftresource_aircraftsummaries_aircraftsummary_airlineequipcode;Vehicle;model;Text
http://127.0.0.1/ontology/api.lufthansa.com-ReferencesAircraftByAircraftCodeGet-get.owl#referencesaircraftbyaircraftcodeget_aircraftresource_aircraftsummaries_aircraftsummary_medialinks_medialink_@languagecode;Language;identifier;Text
http://127.0.0.1/ontology/api.lufthansa.com-ReferencesAircraftByAircraftCodeGet-get.owl#referencesaircraftbyaircraftcodeget_aircraftresource_aircraftsummaries_aircraftsummary_medialinks_medialink_$;;;
http://127.0.0.1/ontology/api.lufthansa.com-ReferencesAircraftByAircraftCodeGet-get.owl#referencesaircraftbyaircraftcodeget_aircraftresource_aircraftsummaries_aircraftsummary_comments_comment_comment_@languagecode;Language;identifier;Text
http://127.0.0.1/ontology/api.lufthansa.com-ReferencesAircraftByAircraftCodeGet-get.owl#referencesaircraftbyaircraftcodeget_aircraftresource_aircraftsummaries_aircraftsummary_comments_comment_comment_$;Vehicle;description;Text
http://127.0.0.1/ontology/api.lufthansa.com-ReferencesAircraftByAircraftCodeGet-get.owl#referencesaircraftbyaircraftcodeget_aircraftresource_aircraftsummaries_aircraftsummary_onboardequipment_inflightentertainment;;;
http://127.0.0.1/ontology/api.lufthansa.com-ReferencesAircraftByAircraftCodeGet-get.owl#referencesaircraftbyaircraftcodeget_aircraftresource_aircraftsummaries_aircraftsummary_onboardequipment_compartment_compartment_classcode;;;
http://127.0.0.1/ontology/api.lufthansa.com-ReferencesAircraftByAircraftCodeGet-get.owl#referencesaircraftbyaircraftcodeget_aircraftresource_aircraftsummaries_aircraftsummary_onboardequipment_compartment_compartment_classdesc;;;
http://127.0.0.1/ontology/api.lufthansa.com-ReferencesAircraftByAircraftCodeGet-get.owl#referencesaircraftbyaircraftcodeget_aircraftresource_aircraftsummaries_aircraftsummary_onboardequipment_compartment_compartment_flynet;;;
http://127.0.0.1/ontology/api.lufthansa.com-ReferencesAircraftByAircraftCodeGet-get.owl#referencesaircraftbyaircraftcodeget_aircraftresource_meta_@version;WebPage;version;Text
http://127.0.0.1/ontology/api.lufthansa.com-ReferencesAircraftByAircraftCodeGet-get.owl#referencesaircraftbyaircraftcodeget_aircraftresource_meta_link_link_@href;WebPage;url;URL
http://127.0.0.1/ontology/api.lufthansa.com-ReferencesAircraftByAircraftCodeGet-get.owl#referencesaircraftbyaircraftcodeget_aircraftresource_meta_link_link_@rel;;;
http://127.0.0.1/services/api.lufthansa.com-ReferencesCitiesByCityCodeGet-get.owls#cityCode;City;identifier;Text
http://127.0.0.1/services/api.lufthansa.com-ReferencesCitiesByCityCodeGet-get.owls#Response;City;;
http://127.0.0.1/services/api.lufthansa.com-ReferencesCitiesByCityCodeGet-get.owls#Accept;WebPage;fileFormat;Text
http://127.0.0.1/ontology/api.lufthansa.com-ReferencesCitiesByCityCodeGet-get.owl#referencescitiesbycitycodeget_cityresource_cities_city_citycode;City;identifier;Text
http://127.0.0.1/ontology/api.lufthansa.com-ReferencesCitiesByCityCodeGet-get.owl#referencescitiesbycitycodeget_cityresource_cities_city_countrycode;City;containedInPlace;Country
http://127.0.0.1/ontology/api.lufthansa.com-ReferencesCitiesByCityCodeGet-get.owl#referencescitiesbycitycodeget_cityresource_cities_city_position_coordinate_latitude;GeoCoordinates;latitude;Text
http://127.0.0.1/ontology/api.lufthansa.com-ReferencesCitiesByCityCodeGet-get.owl#referencescitiesbycitycodeget_cityresource_cities_city_position_coordinate_longitude;GeoCoordinates;longitude;Text
http://127.0.0.1/ontology/api.lufthansa.com-ReferencesCitiesByCityCodeGet-get.owl#referencescitiesbycitycodeget_cityresource_cities_city_names_name_name_@languagecode;Language;identifier;Text
http://127.0.0.1/ontology/api.lufthansa.com-ReferencesCitiesByCityCodeGet-get.owl#referencescitiesbycitycodeget_cityresource_cities_city_names_name_name_$;City;name;Text
http://127.0.0.1/ontology/api.lufthansa.com-ReferencesCitiesByCityCodeGet-get.owl#referencescitiesbycitycodeget_cityresource_cities_city_airports_airportcode_airportcode;City;containsPlace;Airport
http://127.0.0.1/ontology/api.lufthansa.com-ReferencesCitiesByCityCodeGet-get.owl#referencescitiesbycitycodeget_cityresource_meta_@version;WebPage;version;Text
http://127.0.0.1/ontology/api.lufthansa.com-ReferencesCitiesByCityCodeGet-get.owl#referencescitiesbycitycodeget_cityresource_meta_link_link_@href;WebPage;url;URL
http://127.0.0.1/ontology/api.lufthansa.com-ReferencesCitiesByCityCodeGet-get.owl#referencescitiesbycitycodeget_cityresource_meta_link_link_@rel;;;
http://127.0.0.1/services/api.lufthansa.com-ReferencesAirportsByAirportCodeGet-get.owls#airportCode;Airport;iataCode;Text
http://127.0.0.1/services/api.lufthansa.com-ReferencesAirportsByAirportCodeGet-get.owls#Response;Airport;;
http://127.0.0.1/services/api.lufthansa.com-ReferencesAirportsByAirportCodeGet-get.owls#Accept;WebPage;fileFormat;Text
http://127.0.0.1/ontology/api.lufthansa.com-ReferencesAirportsByAirportCodeGet-get.owl#referencesairportsbyairportcodeget_airportresource_airports_airport_airportcode;Airport;iataCode;Text
http://127.0.0.1/ontology/api.lufthansa.com-ReferencesAirportsByAirportCodeGet-get.owl#referencesairportsbyairportcodeget_airportresource_airports_airport_position_coordinate_latitude;GeoCoordinates;latitude;Text
http://127.0.0.1/ontology/api.lufthansa.com-ReferencesAirportsByAirportCodeGet-get.owl#referencesairportsbyairportcodeget_airportresource_airports_airport_position_coordinate_longitude;GeoCoordinates;longitude;Text
http://127.0.0.1/ontology/api.lufthansa.com-ReferencesAirportsByAirportCodeGet-get.owl#referencesairportsbyairportcodeget_airportresource_airports_airport_citycode;Airport;containedInPlace;City
http://127.0.0.1/ontology/api.lufthansa.com-ReferencesAirportsByAirportCodeGet-get.owl#referencesairportsbyairportcodeget_airportresource_airports_airport_countrycode;Country;identifier;Text
http://127.0.0.1/ontology/api.lufthansa.com-ReferencesAirportsByAirportCodeGet-get.owl#referencesairportsbyairportcodeget_airportresource_airports_airport_locationtype;Airport;disambiguatingDescription;Text
http://127.0.0.1/ontology/api.lufthansa.com-ReferencesAirportsByAirportCodeGet-get.owl#referencesairportsbyairportcodeget_airportresource_airports_airport_names_name_name_@languagecode;Language;identifier;Text
http://127.0.0.1/ontology/api.lufthansa.com-ReferencesAirportsByAirportCodeGet-get.owl#referencesairportsbyairportcodeget_airportresource_airports_airport_names_name_name_$;Airport;name;Text
http://127.0.0.1/ontology/api.lufthansa.com-ReferencesAirportsByAirportCodeGet-get.owl#referencesairportsbyairportcodeget_airportresource_airports_airport_utcoffset;;;
http://127.0.0.1/ontology/api.lufthansa.com-ReferencesAirportsByAirportCodeGet-get.owl#referencesairportsbyairportcodeget_airportresource_airports_airport_timezoneid;;;
http://127.0.0.1/ontology/api.lufthansa.com-ReferencesAirportsByAirportCodeGet-get.owl#referencesairportsbyairportcodeget_airportresource_meta_@version;WebPage;version;Text
http://127.0.0.1/ontology/api.lufthansa.com-ReferencesAirportsByAirportCodeGet-get.owl#referencesairportsbyairportcodeget_airportresource_meta_link_link_@href;WebPage;url;URL
http://127.0.0.1/ontology/api.lufthansa.com-ReferencesAirportsByAirportCodeGet-get.owl#referencesairportsbyairportcodeget_airportresource_meta_link_link_@rel;;;
http://127.0.0.1/services/api.lufthansa.com-ReferencesAirportsNearestByLatitudeAndLongitudeGet-get.owls#latitude;GeoCoordinates;latitude;Text
http://127.0.0.1/services/api.lufthansa.com-ReferencesAirportsNearestByLatitudeAndLongitudeGet-get.owls#longitude;GeoCoordinates;longitude;Text
http://127.0.0.1/services/api.lufthansa.com-ReferencesAirportsNearestByLatitudeAndLongitudeGet-get.owls#Response;Airport;;
http://127.0.0.1/services/api.lufthansa.com-ReferencesAirportsNearestByLatitudeAndLongitudeGet-get.owls#Accept;WebPage;fileFormat;Text
http://127.0.0.1/ontology/api.lufthansa.com-ReferencesAirportsNearestByLatitudeAndLongitudeGet-get.owl#referencesairportsnearestbylatitudeandlongitudeget_nearestairportresource_airports_airport_airport_airportcode;Airport;identifier;Text
http://127.0.0.1/ontology/api.lufthansa.com-ReferencesAirportsNearestByLatitudeAndLongitudeGet-get.owl#referencesairportsnearestbylatitudeandlongitudeget_nearestairportresource_airports_airport_airport_position_coordinate_latitude;GeoCoordinates;latitude;Text
http://127.0.0.1/ontology/api.lufthansa.com-ReferencesAirportsNearestByLatitudeAndLongitudeGet-get.owl#referencesairportsnearestbylatitudeandlongitudeget_nearestairportresource_airports_airport_airport_position_coordinate_longitude;GeoCoordinates;longitude;Text
http://127.0.0.1/ontology/api.lufthansa.com-ReferencesAirportsNearestByLatitudeAndLongitudeGet-get.owl#referencesairportsnearestbylatitudeandlongitudeget_nearestairportresource_airports_airport_airport_citycode;Airport;containedInPlace;City
http://127.0.0.1/ontology/api.lufthansa.com-ReferencesAirportsNearestByLatitudeAndLongitudeGet-get.owl#referencesairportsnearestbylatitudeandlongitudeget_nearestairportresource_airports_airport_airport_countrycode;Country;identifier;Text
http://127.0.0.1/ontology/api.lufthansa.com-ReferencesAirportsNearestByLatitudeAndLongitudeGet-get.owl#referencesairportsnearestbylatitudeandlongitudeget_nearestairportresource_airports_airport_airport_locationtype;Airport;disambiguatingDescription;Text
http://127.0.0.1/ontology/api.lufthansa.com-ReferencesAirportsNearestByLatitudeAndLongitudeGet-get.owl#referencesairportsnearestbylatitudeandlongitudeget_nearestairportresource_airports_airport_airport_names_name_name_@languagecode;Language;identifier;Text
http://127.0.0.1/ontology/api.lufthansa.com-ReferencesAirportsNearestByLatitudeAndLongitudeGet-get.owl#referencesairportsnearestbylatitudeandlongitudeget_nearestairportresource_airports_airport_airport_names_name_name_$;Airport;name;Text
http://127.0.0.1/ontology/api.lufthansa.com-ReferencesAirportsNearestByLatitudeAndLongitudeGet-get.owl#referencesairportsnearestbylatitudeandlongitudeget_nearestairportresource_airports_airport_airport_distance_value;Distance;identifier;Text
http://127.0.0.1/ontology/api.lufthansa.com-ReferencesAirportsNearestByLatitudeAndLongitudeGet-get.owl#referencesairportsnearestbylatitudeandlongitudeget_nearestairportresource_airports_airport_airport_distance_uom;Distance;description;Text
http://127.0.0.1/ontology/api.lufthansa.com-ReferencesAirportsNearestByLatitudeAndLongitudeGet-get.owl#referencesairportsnearestbylatitudeandlongitudeget_nearestairportresource_meta_@version;WebPage;version;Text
http://127.0.0.1/ontology/api.lufthansa.com-ReferencesAirportsNearestByLatitudeAndLongitudeGet-get.owl#referencesairportsnearestbylatitudeandlongitudeget_nearestairportresource_meta_link_link_@href;WebPage;url;URL
http://127.0.0.1/ontology/api.lufthansa.com-ReferencesAirportsNearestByLatitudeAndLongitudeGet-get.owl#referencesairportsnearestbylatitudeandlongitudeget_nearestairportresource_meta_link_link_@rel;;;
http://127.0.0.1/services/api.lufthansa.com-OperationsFlightstatusByFlightNumberAndDateGet-get.owls#flightNumber;Flight;flightNumber;Text
http://127.0.0.1/services/api.lufthansa.com-OperationsFlightstatusByFlightNumberAndDateGet-get.owls#date;Flight;departureTime;DateTime
http://127.0.0.1/services/api.lufthansa.com-OperationsFlightstatusByFlightNumberAndDateGet-get.owls#Response;Flight;;
http://127.0.0.1/services/api.lufthansa.com-OperationsFlightstatusByFlightNumberAndDateGet-get.owls#Accept;WebPage;fileFormat;Text
http://127.0.0.1/ontology/api.lufthansa.com-OperationsFlightstatusByFlightNumberAndDateGet-get.owl#operationsflightstatusbyflightnumberanddateget_flightstatusresource_flights_flight_departure_airportcode;Flight;departureAirport;Airport
http://127.0.0.1/ontology/api.lufthansa.com-OperationsFlightstatusByFlightNumberAndDateGet-get.owl#operationsflightstatusbyflightnumberanddateget_flightstatusresource_flights_flight_departure_scheduledtimelocal_datetime;Flight;departureTime;DateTime
http://127.0.0.1/ontology/api.lufthansa.com-OperationsFlightstatusByFlightNumberAndDateGet-get.owl#operationsflightstatusbyflightnumberanddateget_flightstatusresource_flights_flight_departure_scheduledtimeutc_datetime;;;
http://127.0.0.1/ontology/api.lufthansa.com-OperationsFlightstatusByFlightNumberAndDateGet-get.owl#operationsflightstatusbyflightnumberanddateget_flightstatusresource_flights_flight_departure_timestatus_code;;;
http://127.0.0.1/ontology/api.lufthansa.com-OperationsFlightstatusByFlightNumberAndDateGet-get.owl#operationsflightstatusbyflightnumberanddateget_flightstatusresource_flights_flight_departure_timestatus_definition;;;
http://127.0.0.1/ontology/api.lufthansa.com-OperationsFlightstatusByFlightNumberAndDateGet-get.owl#operationsflightstatusbyflightnumberanddateget_flightstatusresource_flights_flight_arrival_airportcode;Flight;arrivalAirport;Airport
http://127.0.0.1/ontology/api.lufthansa.com-OperationsFlightstatusByFlightNumberAndDateGet-get.owl#operationsflightstatusbyflightnumberanddateget_flightstatusresource_flights_flight_arrival_scheduledtimelocal_datetime;Flight;arrivalTime;DateTime
http://127.0.0.1/ontology/api.lufthansa.com-OperationsFlightstatusByFlightNumberAndDateGet-get.owl#operationsflightstatusbyflightnumberanddateget_flightstatusresource_flights_flight_arrival_scheduledtimeutc_datetime;;;
http://127.0.0.1/ontology/api.lufthansa.com-OperationsFlightstatusByFlightNumberAndDateGet-get.owl#operationsflightstatusbyflightnumberanddateget_flightstatusresource_flights_flight_arrival_timestatus_code;;;
http://127.0.0.1/ontology/api.lufthansa.com-OperationsFlightstatusByFlightNumberAndDateGet-get.owl#operationsflightstatusbyflightnumberanddateget_flightstatusresource_flights_flight_arrival_timestatus_definition;;;
http://127.0.0.1/ontology/api.lufthansa.com-OperationsFlightstatusByFlightNumberAndDateGet-get.owl#operationsflightstatusbyflightnumberanddateget_flightstatusresource_flights_flight_arrival_terminal_name;Flight;arrivalTerminal;Text
http://127.0.0.1/ontology/api.lufthansa.com-OperationsFlightstatusByFlightNumberAndDateGet-get.owl#operationsflightstatusbyflightnumberanddateget_flightstatusresource_flights_flight_arrival_terminal_gate;Flight;arrivalGate;Text
http://127.0.0.1/ontology/api.lufthansa.com-OperationsFlightstatusByFlightNumberAndDateGet-get.owl#operationsflightstatusbyflightnumberanddateget_flightstatusresource_flights_flight_marketingcarrier_airlineid;Flight;seller;Airline
http://127.0.0.1/ontology/api.lufthansa.com-OperationsFlightstatusByFlightNumberAndDateGet-get.owl#operationsflightstatusbyflightnumberanddateget_flightstatusresource_flights_flight_marketingcarrier_flightnumber;Flight;flightNumber;Text
http://127.0.0.1/ontology/api.lufthansa.com-OperationsFlightstatusByFlightNumberAndDateGet-get.owl#operationsflightstatusbyflightnumberanddateget_flightstatusresource_flights_flight_operatingcarrier_airlineid;Flight;provider;Airline
http://127.0.0.1/ontology/api.lufthansa.com-OperationsFlightstatusByFlightNumberAndDateGet-get.owl#operationsflightstatusbyflightnumberanddateget_flightstatusresource_flights_flight_operatingcarrier_flightnumber;Flight;flightNumber;Text
http://127.0.0.1/ontology/api.lufthansa.com-OperationsFlightstatusByFlightNumberAndDateGet-get.owl#operationsflightstatusbyflightnumberanddateget_flightstatusresource_flights_flight_equipment_aircraftcode;Flight;aircraft;Vehicle
http://127.0.0.1/ontology/api.lufthansa.com-OperationsFlightstatusByFlightNumberAndDateGet-get.owl#operationsflightstatusbyflightnumberanddateget_flightstatusresource_flights_flight_flightstatus_code;;;
http://127.0.0.1/ontology/api.lufthansa.com-OperationsFlightstatusByFlightNumberAndDateGet-get.owl#operationsflightstatusbyflightnumberanddateget_flightstatusresource_flights_flight_flightstatus_definition;;;
http://127.0.0.1/ontology/api.lufthansa.com-OperationsFlightstatusByFlightNumberAndDateGet-get.owl#operationsflightstatusbyflightnumberanddateget_flightstatusresource_flights_flight_servicetype;;;
http://127.0.0.1/ontology/api.lufthansa.com-OperationsFlightstatusByFlightNumberAndDateGet-get.owl#operationsflightstatusbyflightnumberanddateget_flightstatusresource_meta_@version;WebPage;version;Text
http://127.0.0.1/ontology/api.lufthansa.com-OperationsFlightstatusByFlightNumberAndDateGet-get.owl#operationsflightstatusbyflightnumberanddateget_flightstatusresource_meta_link_link_@href;WebPage;url;URL
http://127.0.0.1/ontology/api.lufthansa.com-OperationsFlightstatusByFlightNumberAndDateGet-get.owl#operationsflightstatusbyflightnumberanddateget_flightstatusresource_meta_link_link_@rel;;;
http://127.0.0.1/services/api.lufthansa.com-OperationsFlightstatusRouteDateByOriginAndDestinationGet-get.owls#origin;Airport;iataCode;Text
http://127.0.0.1/services/api.lufthansa.com-OperationsFlightstatusRouteDateByOriginAndDestinationGet-get.owls#destination;Airport;iataCode;Text
http://127.0.0.1/services/api.lufthansa.com-OperationsFlightstatusRouteDateByOriginAndDestinationGet-get.owls#date;Flight;departureTime;DateTime
http://127.0.0.1/services/api.lufthansa.com-OperationsFlightstatusRouteDateByOriginAndDestinationGet-get.owls#Response;Flight;;
http://127.0.0.1/services/api.lufthansa.com-OperationsFlightstatusRouteDateByOriginAndDestinationGet-get.owls#Accept;WebPage;fileFormat;Text
http://127.0.0.1/ontology/api.lufthansa.com-OperationsFlightstatusRouteDateByOriginAndDestinationGet-get.owl#operationsflightstatusroutedatebyoriginanddestinationget_flightstatusresource_flights_flight_flight_departure_airportcode;Flight;departureAirport;Airport
http://127.0.0.1/ontology/api.lufthansa.com-OperationsFlightstatusRouteDateByOriginAndDestinationGet-get.owl#operationsflightstatusroutedatebyoriginanddestinationget_flightstatusresource_flights_flight_flight_departure_scheduledtimelocal_datetime;Flight;departureTime;DateTime
http://127.0.0.1/ontology/api.lufthansa.com-OperationsFlightstatusRouteDateByOriginAndDestinationGet-get.owl#operationsflightstatusroutedatebyoriginanddestinationget_flightstatusresource_flights_flight_flight_departure_scheduledtimeutc_datetime;;;
http://127.0.0.1/ontology/api.lufthansa.com-OperationsFlightstatusRouteDateByOriginAndDestinationGet-get.owl#operationsflightstatusroutedatebyoriginanddestinationget_flightstatusresource_flights_flight_flight_departure_timestatus_code;;;
http://127.0.0.1/ontology/api.lufthansa.com-OperationsFlightstatusRouteDateByOriginAndDestinationGet-get.owl#operationsflightstatusroutedatebyoriginanddestinationget_flightstatusresource_flights_flight_flight_departure_timestatus_definition;;;
http://127.0.0.1/ontology/api.lufthansa.com-OperationsFlightstatusRouteDateByOriginAndDestinationGet-get.owl#operationsflightstatusroutedatebyoriginanddestinationget_flightstatusresource_flights_flight_flight_departure_terminal_name;Flight;departureTerminal;Text
http://127.0.0.1/ontology/api.lufthansa.com-OperationsFlightstatusRouteDateByOriginAndDestinationGet-get.owl#operationsflightstatusroutedatebyoriginanddestinationget_flightstatusresource_flights_flight_flight_departure_terminal_gate;Flight;departureGate;Text
http://127.0.0.1/ontology/api.lufthansa.com-OperationsFlightstatusRouteDateByOriginAndDestinationGet-get.owl#operationsflightstatusroutedatebyoriginanddestinationget_flightstatusresource_flights_flight_flight_arrival_airportcode;Flight;arrivalAirport;Airport
http://127.0.0.1/ontology/api.lufthansa.com-OperationsFlightstatusRouteDateByOriginAndDestinationGet-get.owl#operationsflightstatusroutedatebyoriginanddestinationget_flightstatusresource_flights_flight_flight_arrival_scheduledtimelocal_datetime;Flight;arrivalTime;DateTime
http://127.0.0.1/ontology/api.lufthansa.com-OperationsFlightstatusRouteDateByOriginAndDestinationGet-get.owl#operationsflightstatusroutedatebyoriginanddestinationget_flightstatusresource_flights_flight_flight_arrival_scheduledtimeutc_datetime;;;
http://127.0.0.1/ontology/api.lufthansa.com-OperationsFlightstatusRouteDateByOriginAndDestinationGet-get.owl#operationsflightstatusroutedatebyoriginanddestinationget_flightstatusresource_flights_flight_flight_arrival_timestatus_code;;;
http://127.0.0.1/ontology/api.lufthansa.com-OperationsFlightstatusRouteDateByOriginAndDestinationGet-get.owl#operationsflightstatusroutedatebyoriginanddestinationget_flightstatusresource_flights_flight_flight_arrival_timestatus_definition;;;
http://127.0.0.1/ontology/api.lufthansa.com-OperationsFlightstatusRouteDateByOriginAndDestinationGet-get.owl#operationsflightstatusroutedatebyoriginanddestinationget_flightstatusresource_flights_flight_flight_arrival_terminal_name;Flight;arrivalTerminal;DateTime
http://127.0.0.1/ontology/api.lufthansa.com-OperationsFlightstatusRouteDateByOriginAndDestinationGet-get.owl#operationsflightstatusroutedatebyoriginanddestinationget_flightstatusresource_flights_flight_flight_marketingcarrier_airlineid;Flight;seller;Airline
http://127.0.0.1/ontology/api.lufthansa.com-OperationsFlightstatusRouteDateByOriginAndDestinationGet-get.owl#operationsflightstatusroutedatebyoriginanddestinationget_flightstatusresource_flights_flight_flight_marketingcarrier_flightnumber;Flight;flightNumber;Text
http://127.0.0.1/ontology/api.lufthansa.com-OperationsFlightstatusRouteDateByOriginAndDestinationGet-get.owl#operationsflightstatusroutedatebyoriginanddestinationget_flightstatusresource_flights_flight_flight_operatingcarrier_airlineid;Flight;provider;Airline
http://127.0.0.1/ontology/api.lufthansa.com-OperationsFlightstatusRouteDateByOriginAndDestinationGet-get.owl#operationsflightstatusroutedatebyoriginanddestinationget_flightstatusresource_flights_flight_flight_operatingcarrier_flightnumber;Flight;flightNumber;Text
http://127.0.0.1/ontology/api.lufthansa.com-OperationsFlightstatusRouteDateByOriginAndDestinationGet-get.owl#operationsflightstatusroutedatebyoriginanddestinationget_flightstatusresource_flights_flight_flight_equipment_aircraftcode;Flight;aircraft;Vehicle
http://127.0.0.1/ontology/api.lufthansa.com-OperationsFlightstatusRouteDateByOriginAndDestinationGet-get.owl#operationsflightstatusroutedatebyoriginanddestinationget_flightstatusresource_flights_flight_flight_flightstatus_code;;;
http://127.0.0.1/ontology/api.lufthansa.com-OperationsFlightstatusRouteDateByOriginAndDestinationGet-get.owl#operationsflightstatusroutedatebyoriginanddestinationget_flightstatusresource_flights_flight_flight_flightstatus_definition;;;
http://127.0.0.1/ontology/api.lufthansa.com-OperationsFlightstatusRouteDateByOriginAndDestinationGet-get.owl#operationsflightstatusroutedatebyoriginanddestinationget_flightstatusresource_flights_flight_flight_servicetype;;;
http://127.0.0.1/ontology/api.lufthansa.com-OperationsFlightstatusRouteDateByOriginAndDestinationGet-get.owl#operationsflightstatusroutedatebyoriginanddestinationget_flightstatusresource_meta_@version;WebPage;version;Text
http://127.0.0.1/ontology/api.lufthansa.com-OperationsFlightstatusRouteDateByOriginAndDestinationGet-get.owl#operationsflightstatusroutedatebyoriginanddestinationget_flightstatusresource_meta_link_link_@href;WebPage;url;URL
http://127.0.0.1/ontology/api.lufthansa.com-OperationsFlightstatusRouteDateByOriginAndDestinationGet-get.owl#operationsflightstatusroutedatebyoriginanddestinationget_flightstatusresource_meta_link_link_@rel;;;
http://127.0.0.1/ontology/api.lufthansa.com-OperationsFlightstatusRouteDateByOriginAndDestinationGet-get.owl#operationsflightstatusroutedatebyoriginanddestinationget_flightstatusresource_meta_totalcount;;;
http://127.0.0.1/services/api.lufthansa.com-OperationsFlightstatusArrivalsByAirportCodeAndFromDateTimeGet-get.owls#airportCode;Airport;iataCode;Text
http://127.0.0.1/services/api.lufthansa.com-OperationsFlightstatusArrivalsByAirportCodeAndFromDateTimeGet-get.owls#fromDateTime;Flight;departureTime;DateTime
http://127.0.0.1/services/api.lufthansa.com-OperationsFlightstatusArrivalsByAirportCodeAndFromDateTimeGet-get.owls#Response;Flight;;
http://127.0.0.1/services/api.lufthansa.com-OperationsFlightstatusArrivalsByAirportCodeAndFromDateTimeGet-get.owls#Accept;WebPage;fileFormat;Text
http://127.0.0.1/ontology/api.lufthansa.com-OperationsFlightstatusArrivalsByAirportCodeAndFromDateTimeGet-get.owl#operationsflightstatusarrivalsbyairportcodeandfromdatetimeget_flightstatusresource_flights_flight_flight_departure_airportcode;Flight;departureAirport;Airport
http://127.0.0.1/ontology/api.lufthansa.com-OperationsFlightstatusArrivalsByAirportCodeAndFromDateTimeGet-get.owl#operationsflightstatusarrivalsbyairportcodeandfromdatetimeget_flightstatusresource_flights_flight_flight_departure_scheduledtimelocal_datetime;Flight;departureTime;DateTime
http://127.0.0.1/ontology/api.lufthansa.com-OperationsFlightstatusArrivalsByAirportCodeAndFromDateTimeGet-get.owl#operationsflightstatusarrivalsbyairportcodeandfromdatetimeget_flightstatusresource_flights_flight_flight_departure_scheduledtimeutc_datetime;;;
http://127.0.0.1/ontology/api.lufthansa.com-OperationsFlightstatusArrivalsByAirportCodeAndFromDateTimeGet-get.owl#operationsflightstatusarrivalsbyairportcodeandfromdatetimeget_flightstatusresource_flights_flight_flight_departure_actualtimelocal_datetime;;;
http://127.0.0.1/ontology/api.lufthansa.com-OperationsFlightstatusArrivalsByAirportCodeAndFromDateTimeGet-get.owl#operationsflightstatusarrivalsbyairportcodeandfromdatetimeget_flightstatusresource_flights_flight_flight_departure_actualtimeutc_datetime;;;
http://127.0.0.1/ontology/api.lufthansa.com-OperationsFlightstatusArrivalsByAirportCodeAndFromDateTimeGet-get.owl#operationsflightstatusarrivalsbyairportcodeandfromdatetimeget_flightstatusresource_flights_flight_flight_departure_timestatus_code;;;
http://127.0.0.1/ontology/api.lufthansa.com-OperationsFlightstatusArrivalsByAirportCodeAndFromDateTimeGet-get.owl#operationsflightstatusarrivalsbyairportcodeandfromdatetimeget_flightstatusresource_flights_flight_flight_departure_timestatus_definition;;;
http://127.0.0.1/ontology/api.lufthansa.com-OperationsFlightstatusArrivalsByAirportCodeAndFromDateTimeGet-get.owl#operationsflightstatusarrivalsbyairportcodeandfromdatetimeget_flightstatusresource_flights_flight_flight_departure_terminal_gate;Flight;departureGate;Text
http://127.0.0.1/ontology/api.lufthansa.com-OperationsFlightstatusArrivalsByAirportCodeAndFromDateTimeGet-get.owl#operationsflightstatusarrivalsbyairportcodeandfromdatetimeget_flightstatusresource_flights_flight_flight_arrival_airportcode;Flight;arrivalAirport;Airport
http://127.0.0.1/ontology/api.lufthansa.com-OperationsFlightstatusArrivalsByAirportCodeAndFromDateTimeGet-get.owl#operationsflightstatusarrivalsbyairportcodeandfromdatetimeget_flightstatusresource_flights_flight_flight_arrival_scheduledtimelocal_datetime;Flight;arrivalTime;DateTime
http://127.0.0.1/ontology/api.lufthansa.com-OperationsFlightstatusArrivalsByAirportCodeAndFromDateTimeGet-get.owl#operationsflightstatusarrivalsbyairportcodeandfromdatetimeget_flightstatusresource_flights_flight_flight_arrival_scheduledtimeutc_datetime;;;
http://127.0.0.1/ontology/api.lufthansa.com-OperationsFlightstatusArrivalsByAirportCodeAndFromDateTimeGet-get.owl#operationsflightstatusarrivalsbyairportcodeandfromdatetimeget_flightstatusresource_flights_flight_flight_arrival_actualtimelocal_datetime;;;
http://127.0.0.1/ontology/api.lufthansa.com-OperationsFlightstatusArrivalsByAirportCodeAndFromDateTimeGet-get.owl#operationsflightstatusarrivalsbyairportcodeandfromdatetimeget_flightstatusresource_flights_flight_flight_arrival_actualtimeutc_datetime;;;
http://127.0.0.1/ontology/api.lufthansa.com-OperationsFlightstatusArrivalsByAirportCodeAndFromDateTimeGet-get.owl#operationsflightstatusarrivalsbyairportcodeandfromdatetimeget_flightstatusresource_flights_flight_flight_arrival_timestatus_code;;;
http://127.0.0.1/ontology/api.lufthansa.com-OperationsFlightstatusArrivalsByAirportCodeAndFromDateTimeGet-get.owl#operationsflightstatusarrivalsbyairportcodeandfromdatetimeget_flightstatusresource_flights_flight_flight_arrival_timestatus_definition;;;
http://127.0.0.1/ontology/api.lufthansa.com-OperationsFlightstatusArrivalsByAirportCodeAndFromDateTimeGet-get.owl#operationsflightstatusarrivalsbyairportcodeandfromdatetimeget_flightstatusresource_flights_flight_flight_arrival_terminal_name;Flight;arrivalTerminal;Text
http://127.0.0.1/ontology/api.lufthansa.com-OperationsFlightstatusArrivalsByAirportCodeAndFromDateTimeGet-get.owl#operationsflightstatusarrivalsbyairportcodeandfromdatetimeget_flightstatusresource_flights_flight_flight_arrival_terminal_gate;Flight;arrivalGate;Text
http://127.0.0.1/ontology/api.lufthansa.com-OperationsFlightstatusArrivalsByAirportCodeAndFromDateTimeGet-get.owl#operationsflightstatusarrivalsbyairportcodeandfromdatetimeget_flightstatusresource_flights_flight_flight_marketingcarrier_airlineid;Flight;seller;Airline
http://127.0.0.1/ontology/api.lufthansa.com-OperationsFlightstatusArrivalsByAirportCodeAndFromDateTimeGet-get.owl#operationsflightstatusarrivalsbyairportcodeandfromdatetimeget_flightstatusresource_flights_flight_flight_marketingcarrier_flightnumber;Flight;flightNumber;Text
http://127.0.0.1/ontology/api.lufthansa.com-OperationsFlightstatusArrivalsByAirportCodeAndFromDateTimeGet-get.owl#operationsflightstatusarrivalsbyairportcodeandfromdatetimeget_flightstatusresource_flights_flight_flight_operatingcarrier_airlineid;Flight;provider;Airline
http://127.0.0.1/ontology/api.lufthansa.com-OperationsFlightstatusArrivalsByAirportCodeAndFromDateTimeGet-get.owl#operationsflightstatusarrivalsbyairportcodeandfromdatetimeget_flightstatusresource_flights_flight_flight_operatingcarrier_flightnumber;Flight;flightNumber;Text
http://127.0.0.1/ontology/api.lufthansa.com-OperationsFlightstatusArrivalsByAirportCodeAndFromDateTimeGet-get.owl#operationsflightstatusarrivalsbyairportcodeandfromdatetimeget_flightstatusresource_flights_flight_flight_equipment_aircraftcode;Flight;aircraft;Vehicle
http://127.0.0.1/ontology/api.lufthansa.com-OperationsFlightstatusArrivalsByAirportCodeAndFromDateTimeGet-get.owl#operationsflightstatusarrivalsbyairportcodeandfromdatetimeget_flightstatusresource_flights_flight_flight_flightstatus_code;;;
http://127.0.0.1/ontology/api.lufthansa.com-OperationsFlightstatusArrivalsByAirportCodeAndFromDateTimeGet-get.owl#operationsflightstatusarrivalsbyairportcodeandfromdatetimeget_flightstatusresource_flights_flight_flight_flightstatus_definition;;;
http://127.0.0.1/ontology/api.lufthansa.com-OperationsFlightstatusArrivalsByAirportCodeAndFromDateTimeGet-get.owl#operationsflightstatusarrivalsbyairportcodeandfromdatetimeget_flightstatusresource_flights_flight_flight_servicetype;;;
http://127.0.0.1/ontology/api.lufthansa.com-OperationsFlightstatusArrivalsByAirportCodeAndFromDateTimeGet-get.owl#operationsflightstatusarrivalsbyairportcodeandfromdatetimeget_flightstatusresource_meta_@version;WebPage;version;Text
http://127.0.0.1/ontology/api.lufthansa.com-OperationsFlightstatusArrivalsByAirportCodeAndFromDateTimeGet-get.owl#operationsflightstatusarrivalsbyairportcodeandfromdatetimeget_flightstatusresource_meta_link_link_@href;WebPage;url;URL
http://127.0.0.1/ontology/api.lufthansa.com-OperationsFlightstatusArrivalsByAirportCodeAndFromDateTimeGet-get.owl#operationsflightstatusarrivalsbyairportcodeandfromdatetimeget_flightstatusresource_meta_link_link_@rel;;;
http://127.0.0.1/ontology/api.lufthansa.com-OperationsFlightstatusArrivalsByAirportCodeAndFromDateTimeGet-get.owl#operationsflightstatusarrivalsbyairportcodeandfromdatetimeget_flightstatusresource_meta_totalcount;;;
http://127.0.0.1/services/api.lufthansa.com-OperationsFlightstatusDeparturesByAirportCodeAndFromDateTimeGet-get.owls#airportCode;Airport;iataCode;Text
http://127.0.0.1/services/api.lufthansa.com-OperationsFlightstatusDeparturesByAirportCodeAndFromDateTimeGet-get.owls#fromDateTime;DateTime;departureTime;DateTime
http://127.0.0.1/services/api.lufthansa.com-OperationsFlightstatusDeparturesByAirportCodeAndFromDateTimeGet-get.owls#Response;Flight;;
http://127.0.0.1/services/api.lufthansa.com-OperationsFlightstatusDeparturesByAirportCodeAndFromDateTimeGet-get.owls#Accept;WebPage;fileFormat;Text
http://127.0.0.1/ontology/api.lufthansa.com-OperationsFlightstatusDeparturesByAirportCodeAndFromDateTimeGet-get.owl#operationsflightstatusdeparturesbyairportcodeandfromdatetimeget_flightstatusresource_flights_flight_flight_departure_airportcode;Flight;departureAirport;Airport
http://127.0.0.1/ontology/api.lufthansa.com-OperationsFlightstatusDeparturesByAirportCodeAndFromDateTimeGet-get.owl#operationsflightstatusdeparturesbyairportcodeandfromdatetimeget_flightstatusresource_flights_flight_flight_departure_scheduledtimelocal_datetime;Flight;departureTime;DateTime
http://127.0.0.1/ontology/api.lufthansa.com-OperationsFlightstatusDeparturesByAirportCodeAndFromDateTimeGet-get.owl#operationsflightstatusdeparturesbyairportcodeandfromdatetimeget_flightstatusresource_flights_flight_flight_departure_scheduledtimeutc_datetime;;;
http://127.0.0.1/ontology/api.lufthansa.com-OperationsFlightstatusDeparturesByAirportCodeAndFromDateTimeGet-get.owl#operationsflightstatusdeparturesbyairportcodeandfromdatetimeget_flightstatusresource_flights_flight_flight_departure_actualtimelocal_datetime;;;
http://127.0.0.1/ontology/api.lufthansa.com-OperationsFlightstatusDeparturesByAirportCodeAndFromDateTimeGet-get.owl#operationsflightstatusdeparturesbyairportcodeandfromdatetimeget_flightstatusresource_flights_flight_flight_departure_actualtimeutc_datetime;;;
http://127.0.0.1/ontology/api.lufthansa.com-OperationsFlightstatusDeparturesByAirportCodeAndFromDateTimeGet-get.owl#operationsflightstatusdeparturesbyairportcodeandfromdatetimeget_flightstatusresource_flights_flight_flight_departure_timestatus_code;;;
http://127.0.0.1/ontology/api.lufthansa.com-OperationsFlightstatusDeparturesByAirportCodeAndFromDateTimeGet-get.owl#operationsflightstatusdeparturesbyairportcodeandfromdatetimeget_flightstatusresource_flights_flight_flight_departure_timestatus_definition;;;
http://127.0.0.1/ontology/api.lufthansa.com-OperationsFlightstatusDeparturesByAirportCodeAndFromDateTimeGet-get.owl#operationsflightstatusdeparturesbyairportcodeandfromdatetimeget_flightstatusresource_flights_flight_flight_departure_terminal_name;Flight;departureTerminal;Text
http://127.0.0.1/ontology/api.lufthansa.com-OperationsFlightstatusDeparturesByAirportCodeAndFromDateTimeGet-get.owl#operationsflightstatusdeparturesbyairportcodeandfromdatetimeget_flightstatusresource_flights_flight_flight_departure_terminal_gate;Flight;departureGate;Text
http://127.0.0.1/ontology/api.lufthansa.com-OperationsFlightstatusDeparturesByAirportCodeAndFromDateTimeGet-get.owl#operationsflightstatusdeparturesbyairportcodeandfromdatetimeget_flightstatusresource_flights_flight_flight_arrival_airportcode;Flight;arrivalAirport;Airport
http://127.0.0.1/ontology/api.lufthansa.com-OperationsFlightstatusDeparturesByAirportCodeAndFromDateTimeGet-get.owl#operationsflightstatusdeparturesbyairportcodeandfromdatetimeget_flightstatusresource_flights_flight_flight_arrival_scheduledtimelocal_datetime;Flight;arrivalTime;DateTime
http://127.0.0.1/ontology/api.lufthansa.com-OperationsFlightstatusDeparturesByAirportCodeAndFromDateTimeGet-get.owl#operationsflightstatusdeparturesbyairportcodeandfromdatetimeget_flightstatusresource_flights_flight_flight_arrival_scheduledtimeutc_datetime;;;
http://127.0.0.1/ontology/api.lufthansa.com-OperationsFlightstatusDeparturesByAirportCodeAndFromDateTimeGet-get.owl#operationsflightstatusdeparturesbyairportcodeandfromdatetimeget_flightstatusresource_flights_flight_flight_arrival_actualtimelocal_datetime;;;
http://127.0.0.1/ontology/api.lufthansa.com-OperationsFlightstatusDeparturesByAirportCodeAndFromDateTimeGet-get.owl#operationsflightstatusdeparturesbyairportcodeandfromdatetimeget_flightstatusresource_flights_flight_flight_arrival_actualtimeutc_datetime;;;
http://127.0.0.1/ontology/api.lufthansa.com-OperationsFlightstatusDeparturesByAirportCodeAndFromDateTimeGet-get.owl#operationsflightstatusdeparturesbyairportcodeandfromdatetimeget_flightstatusresource_flights_flight_flight_arrival_timestatus_code;;;
http://127.0.0.1/ontology/api.lufthansa.com-OperationsFlightstatusDeparturesByAirportCodeAndFromDateTimeGet-get.owl#operationsflightstatusdeparturesbyairportcodeandfromdatetimeget_flightstatusresource_flights_flight_flight_arrival_timestatus_definition;;;
http://127.0.0.1/ontology/api.lufthansa.com-OperationsFlightstatusDeparturesByAirportCodeAndFromDateTimeGet-get.owl#operationsflightstatusdeparturesbyairportcodeandfromdatetimeget_flightstatusresource_flights_flight_flight_arrival_terminal_name;Flight;arrivalTerminal;Text
http://127.0.0.1/ontology/api.lufthansa.com-OperationsFlightstatusDeparturesByAirportCodeAndFromDateTimeGet-get.owl#operationsflightstatusdeparturesbyairportcodeandfromdatetimeget_flightstatusresource_flights_flight_flight_marketingcarrier_airlineid;Flight;seller;Airline
http://127.0.0.1/ontology/api.lufthansa.com-OperationsFlightstatusDeparturesByAirportCodeAndFromDateTimeGet-get.owl#operationsflightstatusdeparturesbyairportcodeandfromdatetimeget_flightstatusresource_flights_flight_flight_marketingcarrier_flightnumber;Flight;flightNumber;Text
http://127.0.0.1/ontology/api.lufthansa.com-OperationsFlightstatusDeparturesByAirportCodeAndFromDateTimeGet-get.owl#operationsflightstatusdeparturesbyairportcodeandfromdatetimeget_flightstatusresource_flights_flight_flight_operatingcarrier_airlineid;Flight;provider;Airline
http://127.0.0.1/ontology/api.lufthansa.com-OperationsFlightstatusDeparturesByAirportCodeAndFromDateTimeGet-get.owl#operationsflightstatusdeparturesbyairportcodeandfromdatetimeget_flightstatusresource_flights_flight_flight_operatingcarrier_flightnumber;Flight;flightNumber;Text
http://127.0.0.1/ontology/api.lufthansa.com-OperationsFlightstatusDeparturesByAirportCodeAndFromDateTimeGet-get.owl#operationsflightstatusdeparturesbyairportcodeandfromdatetimeget_flightstatusresource_flights_flight_flight_equipment_aircraftcode;Flight;aircraft;Vehicle
http://127.0.0.1/ontology/api.lufthansa.com-OperationsFlightstatusDeparturesByAirportCodeAndFromDateTimeGet-get.owl#operationsflightstatusdeparturesbyairportcodeandfromdatetimeget_flightstatusresource_flights_flight_flight_flightstatus_code;;;
http://127.0.0.1/ontology/api.lufthansa.com-OperationsFlightstatusDeparturesByAirportCodeAndFromDateTimeGet-get.owl#operationsflightstatusdeparturesbyairportcodeandfromdatetimeget_flightstatusresource_flights_flight_flight_flightstatus_definition;;;
http://127.0.0.1/ontology/api.lufthansa.com-OperationsFlightstatusDeparturesByAirportCodeAndFromDateTimeGet-get.owl#operationsflightstatusdeparturesbyairportcodeandfromdatetimeget_flightstatusresource_flights_flight_flight_servicetype;;;
http://127.0.0.1/ontology/api.lufthansa.com-OperationsFlightstatusDeparturesByAirportCodeAndFromDateTimeGet-get.owl#operationsflightstatusdeparturesbyairportcodeandfromdatetimeget_flightstatusresource_meta_@version;WebPage;version;Text
http://127.0.0.1/ontology/api.lufthansa.com-OperationsFlightstatusDeparturesByAirportCodeAndFromDateTimeGet-get.owl#operationsflightstatusdeparturesbyairportcodeandfromdatetimeget_flightstatusresource_meta_link_link_@href;WebPage;url;URL
http://127.0.0.1/ontology/api.lufthansa.com-OperationsFlightstatusDeparturesByAirportCodeAndFromDateTimeGet-get.owl#operationsflightstatusdeparturesbyairportcodeandfromdatetimeget_flightstatusresource_meta_link_link_@rel;;;
http://127.0.0.1/ontology/api.lufthansa.com-OperationsFlightstatusDeparturesByAirportCodeAndFromDateTimeGet-get.owl#operationsflightstatusdeparturesbyairportcodeandfromdatetimeget_flightstatusresource_meta_totalcount;;;
http://127.0.0.1/services/api.lufthansa.com-OffersLoungesByLocationGet-get.owls#location;Airport;iataCode;Text
http://127.0.0.1/services/api.lufthansa.com-OffersLoungesByLocationGet-get.owls#Response;;;
http://127.0.0.1/services/api.lufthansa.com-OffersLoungesByLocationGet-get.owls#Accept;;;
http://127.0.0.1/ontology/api.lufthansa.com-OffersLoungesByLocationGet-get.owl#offersloungesbylocationget_loungeresource_lounges_lounge_lounge_names_name_name_@languagecode;Language;identifier;Text
http://127.0.0.1/ontology/api.lufthansa.com-OffersLoungesByLocationGet-get.owl#offersloungesbylocationget_loungeresource_lounges_lounge_lounge_names_name_name_$;;;
http://127.0.0.1/ontology/api.lufthansa.com-OffersLoungesByLocationGet-get.owl#offersloungesbylocationget_loungeresource_lounges_lounge_lounge_airportcode;Airport;iataCode;Text
http://127.0.0.1/ontology/api.lufthansa.com-OffersLoungesByLocationGet-get.owl#offersloungesbylocationget_loungeresource_lounges_lounge_lounge_citycode;City;identifier;Text
http://127.0.0.1/ontology/api.lufthansa.com-OffersLoungesByLocationGet-get.owl#offersloungesbylocationget_loungeresource_lounges_lounge_lounge_locations_location_location_@languagecode;Language;identifier;Text
http://127.0.0.1/ontology/api.lufthansa.com-OffersLoungesByLocationGet-get.owl#offersloungesbylocationget_loungeresource_lounges_lounge_lounge_locations_location_location_$;;;
http://127.0.0.1/ontology/api.lufthansa.com-OffersLoungesByLocationGet-get.owl#offersloungesbylocationget_loungeresource_lounges_lounge_lounge_openinghours_openinghours_openinghours_@languagecode;Language;identifier;Text
http://127.0.0.1/ontology/api.lufthansa.com-OffersLoungesByLocationGet-get.owl#offersloungesbylocationget_loungeresource_lounges_lounge_lounge_openinghours_openinghours_openinghours_$;;;
http://127.0.0.1/ontology/api.lufthansa.com-OffersLoungesByLocationGet-get.owl#offersloungesbylocationget_loungeresource_lounges_lounge_lounge_features_nonsmokinglounge;;;
http://127.0.0.1/ontology/api.lufthansa.com-OffersLoungesByLocationGet-get.owl#offersloungesbylocationget_loungeresource_lounges_lounge_lounge_features_restrooms;;;
http://127.0.0.1/ontology/api.lufthansa.com-OffersLoungesByLocationGet-get.owl#offersloungesbylocationget_loungeresource_lounges_lounge_lounge_features_showerfacilities;;;
http://127.0.0.1/ontology/api.lufthansa.com-OffersLoungesByLocationGet-get.owl#offersloungesbylocationget_loungeresource_lounges_lounge_lounge_features_relaxingrooms;;;
http://127.0.0.1/ontology/api.lufthansa.com-OffersLoungesByLocationGet-get.owl#offersloungesbylocationget_loungeresource_lounges_lounge_lounge_features_meetingrooms;;;
http://127.0.0.1/ontology/api.lufthansa.com-OffersLoungesByLocationGet-get.owl#offersloungesbylocationget_loungeresource_lounges_lounge_lounge_features_officeunits;;;
http://127.0.0.1/ontology/api.lufthansa.com-OffersLoungesByLocationGet-get.owl#offersloungesbylocationget_loungeresource_lounges_lounge_lounge_features_copymachine;;;
http://127.0.0.1/ontology/api.lufthansa.com-OffersLoungesByLocationGet-get.owl#offersloungesbylocationget_loungeresource_lounges_lounge_lounge_features_faxmachine;;;
http://127.0.0.1/ontology/api.lufthansa.com-OffersLoungesByLocationGet-get.owl#offersloungesbylocationget_loungeresource_lounges_lounge_lounge_features_mamprinter;;;
http://127.0.0.1/ontology/api.lufthansa.com-OffersLoungesByLocationGet-get.owl#offersloungesbylocationget_loungeresource_lounges_lounge_lounge_features_creditcardtelephone;;;
http://127.0.0.1/ontology/api.lufthansa.com-OffersLoungesByLocationGet-get.owl#offersloungesbylocationget_loungeresource_lounges_lounge_lounge_features_freelocaltelephonecalls;;;
http://127.0.0.1/ontology/api.lufthansa.com-OffersLoungesByLocationGet-get.owl#offersloungesbylocationget_loungeresource_lounges_lounge_lounge_features_pcwithinternetaccess;;;
http://127.0.0.1/ontology/api.lufthansa.com-OffersLoungesByLocationGet-get.owl#offersloungesbylocationget_loungeresource_lounges_lounge_lounge_features_dataportforlaptops;;;
http://127.0.0.1/ontology/api.lufthansa.com-OffersLoungesByLocationGet-get.owl#offersloungesbylocationget_loungeresource_lounges_lounge_lounge_features_wlanfacility;;;
http://127.0.0.1/ontology/api.lufthansa.com-OffersLoungesByLocationGet-get.owl#offersloungesbylocationget_loungeresource_lounges_lounge_lounge_features_tv;;;
http://127.0.0.1/ontology/api.lufthansa.com-OffersLoungesByLocationGet-get.owl#offersloungesbylocationget_loungeresource_lounges_lounge_lounge_magazinesandnews_german;;;
http://127.0.0.1/ontology/api.lufthansa.com-OffersLoungesByLocationGet-get.owl#offersloungesbylocationget_loungeresource_lounges_lounge_lounge_magazinesandnews_international;;;
http://127.0.0.1/ontology/api.lufthansa.com-OffersLoungesByLocationGet-get.owl#offersloungesbylocationget_loungeresource_lounges_lounge_lounge_magazinesandnews_local;;;
http://127.0.0.1/ontology/api.lufthansa.com-OffersLoungesByLocationGet-get.owl#offersloungesbylocationget_loungeresource_meta_@version;WebPage;version;Text
http://127.0.0.1/ontology/api.lufthansa.com-OffersLoungesByLocationGet-get.owl#offersloungesbylocationget_loungeresource_meta_link_link_@href;WebPage;url;URL
http://127.0.0.1/ontology/api.lufthansa.com-OffersLoungesByLocationGet-get.owl#offersloungesbylocationget_loungeresource_meta_link_link_@rel;;;
http://127.0.0.1/services/api.lufthansa.com-CargoGetRouteFromDateProductCodeByOriginAndDestinationGet-get.owls#origin;Airport;iataCode;Text
http://127.0.0.1/services/api.lufthansa.com-CargoGetRouteFromDateProductCodeByOriginAndDestinationGet-get.owls#destination;Airport;iataCode;Text
http://127.0.0.1/services/api.lufthansa.com-CargoGetRouteFromDateProductCodeByOriginAndDestinationGet-get.owls#fromDate;Flight;departureTime;DateTime
http://127.0.0.1/services/api.lufthansa.com-CargoGetRouteFromDateProductCodeByOriginAndDestinationGet-get.owls#productCode;Product;productID;Text
http://127.0.0.1/services/api.lufthansa.com-CargoGetRouteFromDateProductCodeByOriginAndDestinationGet-get.owls#Response;MoveAction;;
http://127.0.0.1/services/api.lufthansa.com-CargoGetRouteFromDateProductCodeByOriginAndDestinationGet-get.owls#Accept;WebPage;fileFormat;Text
http://127.0.0.1/ontology/api.lufthansa.com-CargoGetRouteFromDateProductCodeByOriginAndDestinationGet-get.owl#cargogetroutefromdateproductcodebyoriginanddestinationget_requestid;;;
http://127.0.0.1/ontology/api.lufthansa.com-CargoGetRouteFromDateProductCodeByOriginAndDestinationGet-get.owl#cargogetroutefromdateproductcodebyoriginanddestinationget_routeheaderinformation_shipmentorigin;MoveAction;fromLocation;Airport
http://127.0.0.1/ontology/api.lufthansa.com-CargoGetRouteFromDateProductCodeByOriginAndDestinationGet-get.owl#cargogetroutefromdateproductcodebyoriginanddestinationget_routeheaderinformation_shipmentdestination;MoveAction;toLocation;Airport
http://127.0.0.1/ontology/api.lufthansa.com-CargoGetRouteFromDateProductCodeByOriginAndDestinationGet-get.owl#cargogetroutefromdateproductcodebyoriginanddestinationget_routeheaderinformation_earliestlatfromofferedroutings;;;
http://127.0.0.1/ontology/api.lufthansa.com-CargoGetRouteFromDateProductCodeByOriginAndDestinationGet-get.owl#cargogetroutefromdateproductcodebyoriginanddestinationget_routeheaderinformation_latesttoafromofferedroutings;;;
http://127.0.0.1/ontology/api.lufthansa.com-CargoGetRouteFromDateProductCodeByOriginAndDestinationGet-get.owl#cargogetroutefromdateproductcodebyoriginanddestinationget_routeheaderinformation_latforlaterflightsearch;;;
http://127.0.0.1/ontology/api.lufthansa.com-CargoGetRouteFromDateProductCodeByOriginAndDestinationGet-get.owl#cargogetroutefromdateproductcodebyoriginanddestinationget_routeheaderinformation_toaforearlierflightsearch;;;
http://127.0.0.1/ontology/api.lufthansa.com-CargoGetRouteFromDateProductCodeByOriginAndDestinationGet-get.owl#cargogetroutefromdateproductcodebyoriginanddestinationget_routeheaderinformation_productcode;MoveAction;object;Product
http://127.0.0.1/ontology/api.lufthansa.com-CargoGetRouteFromDateProductCodeByOriginAndDestinationGet-get.owl#cargogetroutefromdateproductcodebyoriginanddestinationget_routes_routes_routeno;;;
http://127.0.0.1/ontology/api.lufthansa.com-CargoGetRouteFromDateProductCodeByOriginAndDestinationGet-get.owl#cargogetroutefromdateproductcodebyoriginanddestinationget_routes_routes_latestacceptancetimeofrouting;;;
http://127.0.0.1/ontology/api.lufthansa.com-CargoGetRouteFromDateProductCodeByOriginAndDestinationGet-get.owl#cargogetroutefromdateproductcodebyoriginanddestinationget_routes_routes_earliesttimeofavailabilityofrouting;;;
http://127.0.0.1/ontology/api.lufthansa.com-CargoGetRouteFromDateProductCodeByOriginAndDestinationGet-get.owl#cargogetroutefromdateproductcodebyoriginanddestinationget_routes_routes_flightsegments_flightsegmentno;;;
http://127.0.0.1/ontology/api.lufthansa.com-CargoGetRouteFromDateProductCodeByOriginAndDestinationGet-get.owl#cargogetroutefromdateproductcodebyoriginanddestinationget_routes_routes_flightsegments_flightsegmentorigin;Flight;departureAirport;Airport
http://127.0.0.1/ontology/api.lufthansa.com-CargoGetRouteFromDateProductCodeByOriginAndDestinationGet-get.owl#cargogetroutefromdateproductcodebyoriginanddestinationget_routes_routes_flightsegments_flightsegmentdestination;Flight;arrivalAirport;Airport
http://127.0.0.1/ontology/api.lufthansa.com-CargoGetRouteFromDateProductCodeByOriginAndDestinationGet-get.owl#cargogetroutefromdateproductcodebyoriginanddestinationget_routes_routes_flightsegments_flightnumber;Flight;flightNumber;Text
http://127.0.0.1/ontology/api.lufthansa.com-CargoGetRouteFromDateProductCodeByOriginAndDestinationGet-get.owl#cargogetroutefromdateproductcodebyoriginanddestinationget_routes_routes_flightsegments_flightorigindate;;;
http://127.0.0.1/ontology/api.lufthansa.com-CargoGetRouteFromDateProductCodeByOriginAndDestinationGet-get.owl#cargogetroutefromdateproductcodebyoriginanddestinationget_routes_routes_flightsegments_departuredatetimelocal;Flight;departureTime;DateTime
http://127.0.0.1/ontology/api.lufthansa.com-CargoGetRouteFromDateProductCodeByOriginAndDestinationGet-get.owl#cargogetroutefromdateproductcodebyoriginanddestinationget_routes_routes_flightsegments_arrivaldatetimelocal;Flight;arrivalTime;DateTime
http://127.0.0.1/ontology/api.lufthansa.com-CargoGetRouteFromDateProductCodeByOriginAndDestinationGet-get.owl#cargogetroutefromdateproductcodebyoriginanddestinationget_routes_routes_flightsegments_aircrafttype;Flight;aircraft;Vehicle
